2,66133700,p,p
2,66642300,h,h
2,63347500,q,q
2,65246800,g,g
2,62582800,h,h
2,62613600,u,u
2,63109100,m,m
2,63440000,e,e
2,63136400,a,a
2,63472000,y,y
2,61641800,l,l
2,63101200,n,n
2,66597400,l,l
2,63234700,f,f
2,61487700,d,d
2,66092100,x,x
2,63980600,f,f
2,64271300,i,i
2,71354300,r,r
2,61797700,c,c
2,64537500,v,v
2,71642800,s,s
2,65362900,c,c
2,63168000,x,x
2,63029600,g,g
2,63255700,g,g
2,61263600,b,b
2,65165900,w,w
2,63490600,k,k
2,64613100,f,f
2,67568100,n,n
2,64026800,q,q
2,63351600,d,d
2,66796200,u,u
2,91300800,x,x
2,64806500,w,w
2,62785800,f,f
2,62938200,n,n
2,63440000,f,f
2,68562000,o,o
2,65483000,z,z
2,64150100,v,v
2,66736700,s,s
2,67050400,r,r
2,61375300,t,t
2,62294400,k,k
2,61928100,j,j
2,62046700,p,p
2,61605200,r,r
2,64711000,e,e
3,61175800,pg,pg
3,65007100,gx,gx
3,63478200,rp,rp
3,68725500,nr,nr
3,61761200,vy,vy
3,63836000,st,st
3,63939300,mw,mw
3,61243600,cy,cy
3,62930500,sy,sy
3,62895300,yc,yc
3,63375600,qp,qp
3,61991000,ev,ev
3,63438000,ik,ik
3,63412500,ef,ef
3,63286400,fm,fm
3,61466200,zn,zn
3,65305100,im,im
3,63936800,kk,kk
3,67540400,as,as
3,63162100,vw,vw
3,63011800,sr,sr
3,63069800,en,en
3,61752700,zk,zk
3,65919900,yc,yc
3,62978400,xf,xf
3,63884800,xt,xt
3,68671600,ls,ls
3,64449400,gy,gy
3,64990100,ps,ps
3,61789000,fa,fa
3,62117200,dp,dp
3,66375000,oo,oo
3,61117000,ef,ef
3,62318500,xz,xz
3,64048800,bc,bc
3,61489000,oe,oe
3,62931300,ju,ju
3,62708900,vp,vp
3,67622900,va,va
3,69707700,bo,bo
3,66072000,yg,yg
3,69952100,po,po
3,66609100,ey,ey
3,62142500,lf,lf
3,61112300,pb,pb
3,62266200,np,np
3,64551200,lj,lj
3,61874300,vr,vr
3,63264500,vi,vi
3,63827300,py,py
5,61038300,amye,amye
5,64464600,hwqn,hwqn
5,66157300,qrqp,qrqp
5,61177900,mxuj,mxuj
5,63545500,jloo,jloo
5,63091500,vaow,vaow
5,66680400,uxwh,uxwh
5,63149200,msnc,msnc
5,66576700,bxco,bxco
5,64556900,ksfz,ksfz
5,62477800,kvat,kvat
5,67541000,xdkn,xdkn
5,64305800,lyjy,lyjy
5,62443600,hfix,hfix
5,64641200,jswn,jswn
5,64103300,kkuf,kkuf
5,62455300,nuxx,nuxx
5,64527400,zrzb,zrzb
5,61808000,mnmg,mnmg
5,62712100,qook,qook
5,69618100,etly,etly
5,66411800,hnko,hnko
5,62602100,augz,augz
5,62260700,qrcd,qrcd
5,63614200,diut,diut
5,64668400,eioj,eioj
5,63043600,wayy,wayy
5,62812800,zpvs,zpvs
5,65242100,cmps,cmps
5,65585000,ajlf,ajlf
5,68715500,vgub,vgub
5,67836400,faao,faao
5,63495600,vlzy,vlzy
5,62763800,lntr,lntr
5,62480600,kdcp,kdcp
5,65053600,wsrt,wsrt
5,63791500,esjw,esjw
5,63006500,hdiz,hdiz
5,67511000,cobz,cobz
5,65724600,cnfw,cnfw
5,78587800,lqij,lqij
5,62552200,tvdw,tvdw
5,60511500,vxhr,vxhr
5,62603600,cbld,cbld
5,62615400,vgyl,vgyl
5,73040000,wgbu,wgbu
5,62250100,sbmb,sbmb
5,62583100,orxt,orxt
5,64344100,lhcs,lhcs
5,62631000,mpxo,mpxo
9,69616400,hgmgnkeu,hgmgnkeu
9,64426700,fdxotogb,fdxotogb
9,63440800,gxpeyanf,gxpeyanf
9,63071500,etcukepz,etcukepz
9,62119100,shkljugg,shkljugg
9,66773500,gekjdqzj,gekjdqzj
9,63353600,enpevqgx,enpevqgx
9,67986600,iepjsrdz,iepjsrdz
9,63329400,jazujllc,jazujllc
9,62907200,hhbfqmki,hhbfqmki
9,64279000,mwzobiwy,mwzobiwy
9,62386700,bxduunfs,bxduunfs
9,62904900,ksrsrtek,ksrsrtek
9,62704700,mqdcyzje,mqdcyzje
9,68215000,euhmsrqc,euhmsrqc
9,67086700,ozijipfi,ozijipfi
9,62067200,oneeddps,oneeddps
9,62825200,zrnavymm,zrnavymm
9,67761000,tatbdzqs,tatbdzqs
9,66513600,oemuvnpp,oemuvnpp
9,62802200,psuacbaz,psuacbaz
9,62676100,uxmhecth,uxmhecth
9,64681500,legrpunk,legrpunk
9,61075000,dmbppweq,dmbppweq
9,66693000,tgjoparm,tgjoparm
9,61301300,owzdqyox,owzdqyox
9,65002600,ytjbbhaw,ytjbbhaw
9,62454000,dydcprjb,dydcprjb
9,68108700,xphoohpk,xphoohpk
9,63385100,wqyuhrqz,wqyuhrqz
9,63622400,hnbnfuvq,hnbnfuvq
9,61857200,nqqlrzjp,nqqlrzjp
9,61232800,xiogvlie,xiogvlie
9,62247200,xdzuzosr,xdzuzosr
9,63328300,krusvojb,krusvojb
9,61594800,rzmwzpow,rzmwzpow
9,63704900,kjilefra,kjilefra
9,62475400,amdigpnp,amdigpnp
9,62151100,uuhgxpqn,uuhgxpqn
9,62087900,jwjmwaxx,jwjmwaxx
9,64228200,mnsnhhlq,mnsnhhlq
9,63574400,qrzudltf,qrzudltf
9,63141700,zotcjtnz,zotcjtnz
9,71625500,xuglsdsm,xuglsdsm
9,65847500,zcnockvf,zcnockvf
9,62963800,ajfrmxot,ajfrmxot
9,68895500,howkbjzw,howkbjzw
9,62792400,ucwljfri,ucwljfri
9,64426100,mpmyhchz,mpmyhchz
9,64947100,riwkbarx,riwkbarx
65,61231900,bgfcbceyhjugixwtuýLuýL|“D¿ÖïW£Be×^ï¯Ö^ï¯Ö^ï¯Ö^ï¯Ö^ï¯Ö^ï|ä3,bgfcbceyhjugixwtuýLuýL|“D¿ÖïW£Be×^ï¯Ö^ï¯Ö^ï¯Ö^ï¯Ö^ï¯Ö^ï|ä3
65,61722100,bvtrehbbcpxifbxvuýLuýL|“D¿ÖïW£Be×^ï¯Ö^ï¯Ö^ï¯Ö^ï¯Ö^ï¯Ö^ï|ä3,bvtrehbbcpxifbxvuýLuýL|“D¿ÖïW£Be×^ï¯Ö^ï¯Ö^ï¯Ö^ï¯Ö^ï¯Ö^ï|ä3
65,67848500,fbcgkcfqckcotzgkuýLuýL|“D¿ÖïW£Be×^ï¯Ö^ï¯Ö^ï¯Ö^ï¯Ö^ï¯Ö^ï|ä3,fbcgkcfqckcotzgkuýLuýL|“D¿ÖïW£Be×^ï¯Ö^ï¯Ö^ï¯Ö^ï¯Ö^ï¯Ö^ï|ä3
65,61328900,ubmjrmbsztsshfrouýLuýL|“D¿ÖïW£Be×^ï¯Ö^ï¯Ö^ï¯Ö^ï¯Ö^ï¯Ö^ï|ä3,ubmjrmbsztsshfrouýLuýL|“D¿ÖïW£Be×^ï¯Ö^ï¯Ö^ï¯Ö^ï¯Ö^ï¯Ö^ï|ä3
65,67630900,efwsjrxjhguzyupzuýLuýL|“D¿ÖïW£Be×^ï¯Ö^ï¯Ö^ï¯Ö^ï¯Ö^ï¯Ö^ï|ä3,efwsjrxjhguzyupzuýLuýL|“D¿ÖïW£Be×^ï¯Ö^ï¯Ö^ï¯Ö^ï¯Ö^ï¯Ö^ï|ä3
65,82700400,wweiqurpixiqflduuýLuýL|“D¿ÖïW£Be×^ï¯Ö^ï¯Ö^ï¯Ö^ï¯Ö^ï¯Ö^ï|ä3,wweiqurpixiqflduuýLuýL|“D¿ÖïW£Be×^ï¯Ö^ï¯Ö^ï¯Ö^ï¯Ö^ï¯Ö^ï|ä3
65,63370600,uveoowqcudhnefnjuýLuýL|“D¿ÖïW£Be×^ï¯Ö^ï¯Ö^ï¯Ö^ï¯Ö^ï¯Ö^ï|ä3,uveoowqcudhnefnjuýLuýL|“D¿ÖïW£Be×^ï¯Ö^ï¯Ö^ï¯Ö^ï¯Ö^ï¯Ö^ï|ä3
65,63546600,haimuczfskuidubuuýLuýL|“D¿ÖïW£Be×^ï¯Ö^ï¯Ö^ï¯Ö^ï¯Ö^ï¯Ö^ï|ä3,haimuczfskuidubuuýLuýL|“D¿ÖïW£Be×^ï¯Ö^ï¯Ö^ï¯Ö^ï¯Ö^ï¯Ö^ï|ä3
65,61519800,riswtbrecuykabfcuýLuýL|“D¿ÖïW£Be×^ï¯Ö^ï¯Ö^ï¯Ö^ï¯Ö^ï¯Ö^ï|ä3,riswtbrecuykabfcuýLuýL|“D¿ÖïW£Be×^ï¯Ö^ï¯Ö^ï¯Ö^ï¯Ö^ï¯Ö^ï|ä3
65,63930800,vkdzeztoidukuhjzuýLuýL|“D¿ÖïW£Be×^ï¯Ö^ï¯Ö^ï¯Ö^ï¯Ö^ï¯Ö^ï|ä3,vkdzeztoidukuhjzuýLuýL|“D¿ÖïW£Be×^ï¯Ö^ï¯Ö^ï¯Ö^ï¯Ö^ï¯Ö^ï|ä3
65,62797800,efczzzbfkqdpqzikuýLuýL|“D¿ÖïW£Be×^ï¯Ö^ï¯Ö^ï¯Ö^ï¯Ö^ï¯Ö^ï|ä3,efczzzbfkqdpqzikuýLuýL|“D¿ÖïW£Be×^ï¯Ö^ï¯Ö^ï¯Ö^ï¯Ö^ï¯Ö^ï|ä3
65,62200300,fobucdhthxdjgkjeuýLuýL|“D¿ÖïW£Be×^ï¯Ö^ï¯Ö^ï¯Ö^ï¯Ö^ï¯Ö^ï|ä3,fobucdhthxdjgkjeuýLuýL|“D¿ÖïW£Be×^ï¯Ö^ï¯Ö^ï¯Ö^ï¯Ö^ï¯Ö^ï|ä3
65,62991500,lrlpaxamceroswituýLuýL|“D¿ÖïW£Be×^ï¯Ö^ï¯Ö^ï¯Ö^ï¯Ö^ï¯Ö^ï|ä3,lrlpaxamceroswituýLuýL|“D¿ÖïW£Be×^ï¯Ö^ï¯Ö^ï¯Ö^ï¯Ö^ï¯Ö^ï|ä3
65,62332900,dptpcclifkeljytiuýLuýL|“D¿ÖïW£Be×^ï¯Ö^ï¯Ö^ï¯Ö^ï¯Ö^ï¯Ö^ï|ä3,dptpcclifkeljytiuýLuýL|“D¿ÖïW£Be×^ï¯Ö^ï¯Ö^ï¯Ö^ï¯Ö^ï¯Ö^ï|ä3
65,64064500,hrcqaybnefxnxvgzuýLuýL|“D¿ÖïW£Be×^ï¯Ö^ï¯Ö^ï¯Ö^ï¯Ö^ï¯Ö^ï|ä3,hrcqaybnefxnxvgzuýLuýL|“D¿ÖïW£Be×^ï¯Ö^ï¯Ö^ï¯Ö^ï¯Ö^ï¯Ö^ï|ä3
65,66179300,edyyhngycdrudmphuýLuýL|“D¿ÖïW£Be×^ï¯Ö^ï¯Ö^ï¯Ö^ï¯Ö^ï¯Ö^ï|ä3,edyyhngycdrudmphuýLuýL|“D¿ÖïW£Be×^ï¯Ö^ï¯Ö^ï¯Ö^ï¯Ö^ï¯Ö^ï|ä3
65,68458000,meckotrwospofghfuýLuýL|“D¿ÖïW£Be×^ï¯Ö^ï¯Ö^ï¯Ö^ï¯Ö^ï¯Ö^ï|ä3,meckotrwospofghfuýLuýL|“D¿ÖïW£Be×^ï¯Ö^ï¯Ö^ï¯Ö^ï¯Ö^ï¯Ö^ï|ä3
65,66116400,ozqvlqfxwwkmfxdyuýLuýL|“D¿ÖïW£Be×^ï¯Ö^ï¯Ö^ï¯Ö^ï¯Ö^ï¯Ö^ï|ä3,ozqvlqfxwwkmfxdyuýLuýL|“D¿ÖïW£Be×^ï¯Ö^ï¯Ö^ï¯Ö^ï¯Ö^ï¯Ö^ï|ä3
65,60851200,ygmdcaszsgovsodkuýLuýL|“D¿ÖïW£Be×^ï¯Ö^ï¯Ö^ï¯Ö^ï¯Ö^ï¯Ö^ï|ä3,ygmdcaszsgovsodkuýLuýL|“D¿ÖïW£Be×^ï¯Ö^ï¯Ö^ï¯Ö^ï¯Ö^ï¯Ö^ï|ä3
65,64700200,jghcwmbmxrmhuyfyuýLuýL|“D¿ÖïW£Be×^ï¯Ö^ï¯Ö^ï¯Ö^ï¯Ö^ï¯Ö^ï|ä3,jghcwmbmxrmhuyfyuýLuýL|“D¿ÖïW£Be×^ï¯Ö^ï¯Ö^ï¯Ö^ï¯Ö^ï¯Ö^ï|ä3
65,63794500,qgajqkcklznayxqkuýLuýL|“D¿ÖïW£Be×^ï¯Ö^ï¯Ö^ï¯Ö^ï¯Ö^ï¯Ö^ï|ä3,qgajqkcklznayxqkuýLuýL|“D¿ÖïW£Be×^ï¯Ö^ï¯Ö^ï¯Ö^ï¯Ö^ï¯Ö^ï|ä3
65,63202700,qoyzwmyubzazcpkhuýLuýL|“D¿ÖïW£Be×^ï¯Ö^ï¯Ö^ï¯Ö^ï¯Ö^ï¯Ö^ï|ä3,qoyzwmyubzazcpkhuýLuýL|“D¿ÖïW£Be×^ï¯Ö^ï¯Ö^ï¯Ö^ï¯Ö^ï¯Ö^ï|ä3
65,62016700,ktkydzivcuypurfmuýLuýL|“D¿ÖïW£Be×^ï¯Ö^ï¯Ö^ï¯Ö^ï¯Ö^ï¯Ö^ï|ä3,ktkydzivcuypurfmuýLuýL|“D¿ÖïW£Be×^ï¯Ö^ï¯Ö^ï¯Ö^ï¯Ö^ï¯Ö^ï|ä3
65,62115400,bisgekyrgzvxdhpouýLuýL|“D¿ÖïW£Be×^ï¯Ö^ï¯Ö^ï¯Ö^ï¯Ö^ï¯Ö^ï|ä3,bisgekyrgzvxdhpouýLuýL|“D¿ÖïW£Be×^ï¯Ö^ï¯Ö^ï¯Ö^ï¯Ö^ï¯Ö^ï|ä3
65,62214800,amvafyrarxsvkhtquýLuýL|“D¿ÖïW£Be×^ï¯Ö^ï¯Ö^ï¯Ö^ï¯Ö^ï¯Ö^ï|ä3,amvafyrarxsvkhtquýLuýL|“D¿ÖïW£Be×^ï¯Ö^ï¯Ö^ï¯Ö^ï¯Ö^ï¯Ö^ï|ä3
65,67445800,dihersigbhzjzujxuýLuýL|“D¿ÖïW£Be×^ï¯Ö^ï¯Ö^ï¯Ö^ï¯Ö^ï¯Ö^ï|ä3,dihersigbhzjzujxuýLuýL|“D¿ÖïW£Be×^ï¯Ö^ï¯Ö^ï¯Ö^ï¯Ö^ï¯Ö^ï|ä3
65,66143100,mmyspnaraewkegjcuýLuýL|“D¿ÖïW£Be×^ï¯Ö^ï¯Ö^ï¯Ö^ï¯Ö^ï¯Ö^ï|ä3,mmyspnaraewkegjcuýLuýL|“D¿ÖïW£Be×^ï¯Ö^ï¯Ö^ï¯Ö^ï¯Ö^ï¯Ö^ï|ä3
65,66283300,cvhhrjvbjtsqdjoouýLuýL|“D¿ÖïW£Be×^ï¯Ö^ï¯Ö^ï¯Ö^ï¯Ö^ï¯Ö^ï|ä3,cvhhrjvbjtsqdjoouýLuýL|“D¿ÖïW£Be×^ï¯Ö^ï¯Ö^ï¯Ö^ï¯Ö^ï¯Ö^ï|ä3
65,64067300,tgpknfpfycgfieowuýLuýL|“D¿ÖïW£Be×^ï¯Ö^ï¯Ö^ï¯Ö^ï¯Ö^ï¯Ö^ï|ä3,tgpknfpfycgfieowuýLuýL|“D¿ÖïW£Be×^ï¯Ö^ï¯Ö^ï¯Ö^ï¯Ö^ï¯Ö^ï|ä3
65,62245200,qrwwwpzsqmetogepuýLuýL|“D¿ÖïW£Be×^ï¯Ö^ï¯Ö^ï¯Ö^ï¯Ö^ï¯Ö^ï|ä3,qrwwwpzsqmetogepuýLuýL|“D¿ÖïW£Be×^ï¯Ö^ï¯Ö^ï¯Ö^ï¯Ö^ï¯Ö^ï|ä3
65,64692900,spxnvjiupalyynmkuýLuýL|“D¿ÖïW£Be×^ï¯Ö^ï¯Ö^ï¯Ö^ï¯Ö^ï¯Ö^ï|ä3,spxnvjiupalyynmkuýLuýL|“D¿ÖïW£Be×^ï¯Ö^ï¯Ö^ï¯Ö^ï¯Ö^ï¯Ö^ï|ä3
65,62640900,mnuvklhsecdwracguýLuýL|“D¿ÖïW£Be×^ï¯Ö^ï¯Ö^ï¯Ö^ï¯Ö^ï¯Ö^ï|ä3,mnuvklhsecdwracguýLuýL|“D¿ÖïW£Be×^ï¯Ö^ï¯Ö^ï¯Ö^ï¯Ö^ï¯Ö^ï|ä3
65,63327100,fmzkgipdfodkjmjquýLuýL|“D¿ÖïW£Be×^ï¯Ö^ï¯Ö^ï¯Ö^ï¯Ö^ï¯Ö^ï|ä3,fmzkgipdfodkjmjquýLuýL|“D¿ÖïW£Be×^ï¯Ö^ï¯Ö^ï¯Ö^ï¯Ö^ï¯Ö^ï|ä3
65,65201500,wiqpuoqhimvfvuzwuýLuýL|“D¿ÖïW£Be×^ï¯Ö^ï¯Ö^ï¯Ö^ï¯Ö^ï¯Ö^ï|ä3,wiqpuoqhimvfvuzwuýLuýL|“D¿ÖïW£Be×^ï¯Ö^ï¯Ö^ï¯Ö^ï¯Ö^ï¯Ö^ï|ä3
65,66204700,yvijgfullkjduhsjuýLuýL|“D¿ÖïW£Be×^ï¯Ö^ï¯Ö^ï¯Ö^ï¯Ö^ï¯Ö^ï|ä3,yvijgfullkjduhsjuýLuýL|“D¿ÖïW£Be×^ï¯Ö^ï¯Ö^ï¯Ö^ï¯Ö^ï¯Ö^ï|ä3
65,68471300,afbtlkmfqrmyjfjnuýLuýL|“D¿ÖïW£Be×^ï¯Ö^ï¯Ö^ï¯Ö^ï¯Ö^ï¯Ö^ï|ä3,afbtlkmfqrmyjfjnuýLuýL|“D¿ÖïW£Be×^ï¯Ö^ï¯Ö^ï¯Ö^ï¯Ö^ï¯Ö^ï|ä3
65,64823500,hhssqctydteamdcjuýLuýL|“D¿ÖïW£Be×^ï¯Ö^ï¯Ö^ï¯Ö^ï¯Ö^ï¯Ö^ï|ä3,hhssqctydteamdcjuýLuýL|“D¿ÖïW£Be×^ï¯Ö^ï¯Ö^ï¯Ö^ï¯Ö^ï¯Ö^ï|ä3
65,61786600,bprhtnegyiwxgcjwuýLuýL|“D¿ÖïW£Be×^ï¯Ö^ï¯Ö^ï¯Ö^ï¯Ö^ï¯Ö^ï|ä3,bprhtnegyiwxgcjwuýLuýL|“D¿ÖïW£Be×^ï¯Ö^ï¯Ö^ï¯Ö^ï¯Ö^ï¯Ö^ï|ä3
65,65268100,lgrsmeaearwtvjsjuýLuýL|“D¿ÖïW£Be×^ï¯Ö^ï¯Ö^ï¯Ö^ï¯Ö^ï¯Ö^ï|ä3,lgrsmeaearwtvjsjuýLuýL|“D¿ÖïW£Be×^ï¯Ö^ï¯Ö^ï¯Ö^ï¯Ö^ï¯Ö^ï|ä3
65,63632000,baoiojlwhypnvruiuýLuýL|“D¿ÖïW£Be×^ï¯Ö^ï¯Ö^ï¯Ö^ï¯Ö^ï¯Ö^ï|ä3,baoiojlwhypnvruiuýLuýL|“D¿ÖïW£Be×^ï¯Ö^ï¯Ö^ï¯Ö^ï¯Ö^ï¯Ö^ï|ä3
65,63719900,hoswkifygtydhacwuýLuýL|“D¿ÖïW£Be×^ï¯Ö^ï¯Ö^ï¯Ö^ï¯Ö^ï¯Ö^ï|ä3,hoswkifygtydhacwuýLuýL|“D¿ÖïW£Be×^ï¯Ö^ï¯Ö^ï¯Ö^ï¯Ö^ï¯Ö^ï|ä3
65,67721600,yhsgewzmtgonzltjuýLuýL|“D¿ÖïW£Be×^ï¯Ö^ï¯Ö^ï¯Ö^ï¯Ö^ï¯Ö^ï|ä3,yhsgewzmtgonzltjuýLuýL|“D¿ÖïW£Be×^ï¯Ö^ï¯Ö^ï¯Ö^ï¯Ö^ï¯Ö^ï|ä3
65,66515700,hgauhnihreqgjfwkuýLuýL|“D¿ÖïW£Be×^ï¯Ö^ï¯Ö^ï¯Ö^ï¯Ö^ï¯Ö^ï|ä3,hgauhnihreqgjfwkuýLuýL|“D¿ÖïW£Be×^ï¯Ö^ï¯Ö^ï¯Ö^ï¯Ö^ï¯Ö^ï|ä3
65,63148700,jsmtpjhaefqzaauluýLuýL|“D¿ÖïW£Be×^ï¯Ö^ï¯Ö^ï¯Ö^ï¯Ö^ï¯Ö^ï|ä3,jsmtpjhaefqzaauluýLuýL|“D¿ÖïW£Be×^ï¯Ö^ï¯Ö^ï¯Ö^ï¯Ö^ï¯Ö^ï|ä3
65,63184200,drchjccdyrfvvrivuýLuýL|“D¿ÖïW£Be×^ï¯Ö^ï¯Ö^ï¯Ö^ï¯Ö^ï¯Ö^ï|ä3,drchjccdyrfvvrivuýLuýL|“D¿ÖïW£Be×^ï¯Ö^ï¯Ö^ï¯Ö^ï¯Ö^ï¯Ö^ï|ä3
65,66725400,uyeegfivdrcygurquýLuýL|“D¿ÖïW£Be×^ï¯Ö^ï¯Ö^ï¯Ö^ï¯Ö^ï¯Ö^ï|ä3,uyeegfivdrcygurquýLuýL|“D¿ÖïW£Be×^ï¯Ö^ï¯Ö^ï¯Ö^ï¯Ö^ï¯Ö^ï|ä3
65,62925200,dredakubnfguproquýLuýL|“D¿ÖïW£Be×^ï¯Ö^ï¯Ö^ï¯Ö^ï¯Ö^ï¯Ö^ï|ä3,dredakubnfguproquýLuýL|“D¿ÖïW£Be×^ï¯Ö^ï¯Ö^ï¯Ö^ï¯Ö^ï¯Ö^ï|ä3
65,62878500,ylobcwqxkzmausjguýLuýL|“D¿ÖïW£Be×^ï¯Ö^ï¯Ö^ï¯Ö^ï¯Ö^ï¯Ö^ï|ä3,ylobcwqxkzmausjguýLuýL|“D¿ÖïW£Be×^ï¯Ö^ï¯Ö^ï¯Ö^ï¯Ö^ï¯Ö^ï|ä3
65,65896700,mhcmhgdnmphnqkamuýLuýL|“D¿ÖïW£Be×^ï¯Ö^ï¯Ö^ï¯Ö^ï¯Ö^ï¯Ö^ï|ä3,mhcmhgdnmphnqkamuýLuýL|“D¿ÖïW£Be×^ï¯Ö^ï¯Ö^ï¯Ö^ï¯Ö^ï¯Ö^ï|ä3
65,64137000,hurktrffaclvgrzkuýLuýL|“D¿ÖïW£Be×^ï¯Ö^ï¯Ö^ï¯Ö^ï¯Ö^ï¯Ö^ï|ä3,hurktrffaclvgrzkuýLuýL|“D¿ÖïW£Be×^ï¯Ö^ï¯Ö^ï¯Ö^ï¯Ö^ï¯Ö^ï|ä3
1,64456300,,
1,64156600,,
1,69582400,,
1,64426300,,
1,64665800,,
1,62512600,,
1,65848000,,
1,96376100,,
1,62517500,,
1,69158700,,
1,68494100,,
1,70611400,,
1,65802200,,
1,63378500,,
1,68089600,,
1,69812100,,
1,65762800,,
1,63318500,,
1,67003100,,
1,64821700,,
1,65098000,,
1,66726700,,
1,61769600,,
1,63592400,,
1,64233400,,
1,62834100,,
1,63884600,,
1,66252600,,
1,63196000,,
1,62498800,,
1,67454000,,
1,67219000,,
1,64109100,,
1,62924600,,
1,71167500,,
1,63989200,,
1,62780800,,
1,63221900,,
1,62846900,,
1,64654500,,
1,98623600,,
1,70779600,,
1,85410400,,
1,96121300,,
1,62894300,,
1,63785400,,
1,65636200,,
1,64111100,,
1,66495800,,
1,63221500,,
1,63537900,,
1,65761600,,
1,63192400,,
1,64314300,,
1,64953600,,
1,70844900,,
1,63885500,,
1,61789800,,
1,62896500,,
1,63230000,,
1,61544500,,
1,63791500,,
1,67161500,,
1,62231400,,
1,61763400,,
1,64933200,,
1,62454500,,
1,62808700,,
1,62626500,,
1,67449600,,
1,71459500,,
1,64577500,,
1,65398600,,
1,70086600,,
1,70784100,,
1,66152000,,
1,65013600,,
1,65035200,,
1,66647900,,
1,68866900,,
1,62514200,,
1,63528200,,
1,67017400,,
1,64966800,,
1,63148000,,
1,63337800,,
1,61591300,,
1,64675500,,
1,63635900,,
1,63834900,,
1,63023200,,
1,89938800,,
1,64152100,,
1,66603400,,
1,62193000,,
1,63669000,,
1,63856800,,
1,64263500,,
1,63663300,,
1,64253700,,
2,64281800,x,x
2,65243600,l,l
2,67315800,g,g
2,64943500,p,p
2,68358100,f,f
2,61964900,d,d
2,64284400,o,o
2,61230100,e,e
2,90530100,x,x
2,62711300,b,b
2,65525300,o,o
2,62066600,j,j
2,64333100,v,v
2,66518800,v,v
2,62789000,b,b
2,67903400,y,y
2,65490000,p,p
2,62398200,e,e
2,63434100,l,l
2,84769100,p,p
2,65723200,n,n
2,67766100,l,l
2,61613000,v,v
2,64874500,v,v
2,73233000,p,p
2,62331500,a,a
2,62217800,y,y
2,67626800,h,h
2,63300700,q,q
2,66156800,q,q
2,61302400,q,q
2,65483300,m,m
2,63590600,u,u
2,62134700,j,j
2,64395200,o,o
2,68157200,v,v
2,62251200,o,o
2,62704700,u,u
2,67000500,w,w
2,64204200,m,m
2,64040300,n,n
2,62213300,b,b
2,62688000,c,c
2,99806000,k,k
2,65277500,f,f
2,65043600,k,k
2,63775600,a,a
2,63271100,x,x
2,63111900,k,k
2,63932000,l,l
2,64037000,j,j
2,64490300,h,h
2,72802900,i,i
2,67012500,j,j
2,71370800,w,w
2,63462800,k,k
2,67621100,u,u
2,66837200,n,n
2,65058300,x,x
2,63725300,z,z
2,63979300,z,z
2,62035800,m,m
2,60791700,m,m
2,66462200,q,q
2,67558800,o,o
2,66566800,e,e
2,67950700,l,l
2,61910100,h,h
2,64073600,k,k
2,66970100,a,a
2,69591500,g,g
2,64269100,q,q
2,68930600,c,c
2,62727500,d,d
2,62050200,u,u
2,63579800,e,e
2,62908900,o,o
2,66084100,w,w
2,61993000,y,y
2,65346100,z,z
2,73594400,v,v
2,66571100,c,c
2,63589700,p,p
2,62434600,a,a
2,61976700,l,l
2,63053000,v,v
2,64510900,u,u
2,65250100,f,f
2,65234800,a,a
2,63221800,v,v
2,64736000,z,z
2,62372500,l,l
2,61213800,t,t
2,63283100,k,k
2,63385500,c,c
2,62756900,w,w
2,64949300,r,r
2,61311900,e,e
2,62189600,j,j
2,63543200,h,h
4,63093200,izc,izc
4,63040700,bzc,bzc
4,65407400,fwl,fwl
4,64952300,ijt,ijt
4,67673000,dwv,dwv
4,62746700,hrc,hrc
4,66907600,ldv,ldv
4,62879400,ylw,ylw
4,83548300,bus,bus
4,61476000,mbo,mbo
4,62831900,xtl,xtl
4,66103700,csm,csm
4,62265500,xoh,xoh
4,63674400,mgn,mgn
4,62949500,euf,euf
4,66051800,xot,xot
4,67134400,gbg,gbg
4,62953700,pey,pey
4,63816000,nfe,nfe
4,65236900,cuk,cuk
4,70705600,pzs,pzs
4,63062700,klj,klj
4,62755700,ggg,ggg
4,62420700,kjd,kjd
4,73587500,zje,zje
4,65686300,pev,pev
4,63333700,gxi,gxi
4,68250400,pjs,pjs
4,67110100,dzj,dzj
4,65524600,zuj,zuj
4,63827100,lch,lch
4,65381400,bfq,bfq
4,67792800,kim,kim
4,89403100,zob,zob
4,64044300,wyb,wyb
4,63683400,duu,duu
4,72625500,fsk,fsk
4,62757300,rsr,rsr
4,65384900,ekm,ekm
4,62378800,dcy,dcy
4,65983100,jee,jee
4,62138300,hms,hms
4,69387600,qco,qco
4,61795300,iji,iji
4,63629900,fio,fio
4,63664200,eed,eed
4,70223500,psz,psz
4,64076600,nav,nav
4,62871600,mmt,mmt
4,64852900,tbd,tbd
4,64256300,qso,qso
4,61619900,muv,muv
4,63216400,ppp,ppp
4,64801700,uac,uac
4,66976900,azu,azu
4,71599700,mhe,mhe
4,63703400,thl,thl
4,62695600,grp,grp
4,63113700,nkd,nkd
4,62855600,bpp,bpp
4,66964000,eqt,eqt
4,64119700,jop,jop
4,62847700,rmo,rmo
4,87790800,zdq,zdq
4,74209400,oxy,oxy
4,68688200,jbb,jbb
4,66425600,awd,awd
4,62645600,dcp,dcp
4,62708700,jbx,jbx
4,62457000,hoo,hoo
4,65365500,pkw,pkw
4,62531500,yuh,yuh
4,62162600,qzh,qzh
4,62697900,bnf,bnf
4,64978200,vqn,vqn
4,61839600,qlr,qlr
4,62207400,jpx,jpx
4,64611700,ogv,ogv
4,64473300,iex,iex
4,61531100,zuz,zuz
4,62559700,srk,srk
4,64288800,usv,usv
4,65151800,jbr,jbr
4,62598100,mwz,mwz
4,65882600,owk,owk
4,63915500,ile,ile
4,71789800,raa,raa
4,62603700,dig,dig
4,64425200,npu,npu
4,65348400,hgx,hgx
4,64676000,qnj,qnj
4,116714300,jmw,jmw
4,67455300,xxm,xxm
4,64199600,snh,snh
4,63324200,lqq,lqq
4,68504100,zud,zud
4,68551000,tfz,tfz
4,66780600,tcj,tcj
4,67654200,nzx,nzx
4,106431000,gls,gls
8,61975300,smzcnoc,smzcnoc
8,66172700,vfajfrm,vfajfrm
8,61432800,othowkb,othowkb
8,64254000,zwucwlj,zwucwlj
8,65931800,rimpmyh,rimpmyh
8,63517600,hzriwkb,hzriwkb
8,63049800,rxbgfcb,rxbgfcb
8,69940400,eyhjugi,eyhjugi
8,67458800,wtbvtre,wtbvtre
8,67644700,bbcpxif,bbcpxif
8,63967800,xvfbcgk,xvfbcgk
8,67807400,fqckcot,fqckcot
8,63036700,gkubmjr,gkubmjr
8,68372000,bsztssh,bsztssh
8,65654800,roefwsj,roefwsj
8,66272400,xjhguzy,xjhguzy
8,67761800,pzwweiq,pzwweiq
8,65883700,rpixiqf,rpixiqf
8,83654100,duuveoo,duuveoo
8,67756200,qcudhne,qcudhne
8,63025600,njhaimu,njhaimu
8,63173700,zfskuid,zfskuid
8,64620300,buriswt,buriswt
8,66012300,recuyka,recuyka
8,70733600,fcvkdze,fcvkdze
8,64825500,toiduku,toiduku
8,65778500,jzefczz,jzefczz
8,68577200,bfkqdpq,bfkqdpq
8,64853300,ikfobuc,ikfobuc
8,64852100,hthxdjg,hthxdjg
8,63658500,jelrlpa,jelrlpa
8,65260200,amceros,amceros
8,66052900,itdptpc,itdptpc
8,64441200,lifkelj,lifkelj
8,63265300,tihrcqa,tihrcqa
8,66579200,bnefxnx,bnefxnx
8,63031900,gzedyyh,gzedyyh
8,62385200,gycdrud,gycdrud
8,62265600,phmecko,phmecko
8,66136100,rwospof,rwospof
8,62818400,hfozqvl,hfozqvl
8,63986800,fxwwkmf,fxwwkmf
8,63989600,dyygmdc,dyygmdc
8,66341900,szsgovs,szsgovs
8,64348500,dkjghcw,dkjghcw
8,67204300,bmxrmhu,bmxrmhu
8,67962700,fyqgajq,fyqgajq
8,61671500,cklznay,cklznay
8,64526500,qkqoyzw,qkqoyzw
8,65609200,yubzazc,yubzazc
8,64888200,khktkyd,khktkyd
8,62539300,ivcuypu,ivcuypu
8,67134500,fmbisge,fmbisge
8,64948600,yrgzvxd,yrgzvxd
8,67066500,poamvaf,poamvaf
8,65220400,rarxsvk,rarxsvk
8,62710400,tqdiher,tqdiher
8,61668200,igbhzjz,igbhzjz
8,64548900,jxmmysp,jxmmysp
8,64354600,araewke,araewke
8,62700200,jccvhhr,jccvhhr
8,64745400,vbjtsqd,vbjtsqd
8,64291700,ootgpkn,ootgpkn
8,62852900,pfycgfi,pfycgfi
8,62772800,owqrwww,owqrwww
8,60918400,zsqmeto,zsqmeto
8,64270600,epspxnv,epspxnv
8,62727100,iupalyy,iupalyy
8,65573300,mkmnuvk,mkmnuvk
8,64070500,hsecdwr,hsecdwr
8,72542800,cgfmzkg,cgfmzkg
8,65392400,pdfodkj,pdfodkj
8,85069000,jqwiqpu,jqwiqpu
8,68381400,qhimvfv,qhimvfv
8,84480100,zwyvijg,zwyvijg
8,64005800,ullkjdu,ullkjdu
8,84650500,sjafbtl,sjafbtl
8,62770300,mfqrmyj,mfqrmyj
8,84465000,jnhhssq,jnhhssq
8,70577900,tydteam,tydteam
8,72721300,cjbprht,cjbprht
8,77327900,egyiwxg,egyiwxg
8,75388900,jwlgrsm,jwlgrsm
8,71100900,aearwtv,aearwtv
8,71096700,sjbaoio,sjbaoio
8,75125200,lwhypnv,lwhypnv
8,63733700,uihoswk,uihoswk
8,66252200,fygtydh,fygtydh
8,64836400,cwyhsge,cwyhsge
8,61797700,zmtgonz,zmtgonz
8,67716800,tjhgauh,tjhgauh
8,63279000,ihreqgj,ihreqgj
8,64873700,wkjsmtp,wkjsmtp
8,63960900,haefqza,haefqza
8,62330800,uldrchj,uldrchj
8,61162400,cdyrfvv,cdyrfvv
8,70217000,ivuyeeg,ivuyeeg
8,73823000,ivdrcyg,ivdrcyg
8,92488700,rqdreda,rqdreda
8,64531100,ubnfgup,ubnfgup
16,68725600,oqylobcwqxkzmau,oqylobcwqxkzmau
16,72484500,jgmhcmhgdnmphnq,jgmhcmhgdnmphnq
16,174957700,amhurktrffaclvg,amhurktrffaclvg
16,76696400,zkkldacllteojom,zkkldacllteojom
16,71351000,nxrqyjzginrnnzw,nxrqyjzginrnnzw
16,77242900,cxxaedrwudxzrfu,cxxaedrwudxzrfu
16,73946100,ewjtboxvynfhkst,ewjtboxvynfhkst
16,65017300,enaumnddxfdmvzc,enaumnddxfdmvzc
16,63331800,utdcckxaaydzsxt,utdcckxaaydzsxt
16,66232300,obbgqngvvpjgojo,obbgqngvvpjgojo
16,62534900,lmkxgbfcpypckqc,lmkxgbfcpypckqc
16,65210700,bddzwrxbzmqrlxv,bddzwrxbzmqrlxv
16,65526500,btwhxginfgfrccl,btwhxginfgfrccl
16,62898400,znmjugwwbsqfcih,znmjugwwbsqfcih
16,62793500,bsjollmsqsghmcp,bsjollmsqsghmcp
16,62990300,elsotflbgsfnpcu,elsotflbgsfnpcu
16,63582600,srupchynvzhcpqu,srupchynvzhcpqu
16,61192300,riwniqxdfjpwpxf,riwniqxdfjpwpxf
16,62849300,lkpnpeelfjmtkuq,lkpnpeelfjmtkuq
16,61545500,zomwnlmbupmktlp,zomwnlmbupmktlp
16,62809200,ndmpdsydsgvfpen,ndmpdsydsgvfpen
16,63263800,mwborifsuqhcesk,mwborifsuqhcesk
16,63497400,khssmvnonwafxwh,khssmvnonwafxwh
16,62930700,bibabvqopqfoviu,bibabvqopqfoviu
16,66393000,sqfqwehtxdzujtl,sqfqwehtxdzujtl
16,62622700,txmrjxxwtlggkyt,txmrjxxwtlggkyt
16,63011500,iolydnilqadojsk,iolydnilqadojsk
16,67736000,vfxahhjmbocljar,vfxahhjmbocljar
16,62361600,ntdwcldvdxropby,ntdwcldvdxropby
16,63998600,zwyyojuothwmlvr,zwyyojuothwmlvr
16,79605800,lfzdzdbtubxuoff,lfzdzdbtubxuoff
16,65887800,ncrswsaznmoijoi,ncrswsaznmoijoi
16,61775200,vgobqpnckwvnhke,vgobqpnckwvnhke
16,65823400,mtdhvygkjisuxha,mtdhvygkjisuxha
16,65019500,muudqbhmknhfxax,muudqbhmknhfxax
16,61608700,xkjlzzqtsjfaeed,xkjlzzqtsjfaeed
16,63066600,uujkolxjoqkdvfe,uujkolxjoqkdvfe
16,61529500,vlhvhrwtfdukxff,vlhvhrwtfdukxff
16,63989500,psswyxlijjhevry,psswyxlijjhevry
16,64119200,ozbafpfmowgrgon,ozbafpfmowgrgon
16,64715400,atdqlahyggyljdd,atdqlahyggyljdd
16,67556400,hmltedzlodsrkeu,hmltedzlodsrkeu
16,63066900,gtnkntarjkpxino,gtnkntarjkpxino
16,63371500,gzdthunwooxvjjm,gzdthunwooxvjjm
16,60820400,svknhkwjopmmleb,svknhkwjopmmleb
16,66467300,sucvzqlyqnwcmbv,sucvzqlyqnwcmbv
16,64029200,hrmlowpjbwyvwtg,hrmlowpjbwyvwtg
16,64163500,oqnmicxapzarknn,oqnmicxapzarknn
16,69439300,tuufarzrosdqwsm,tuufarzrosdqwsm
16,65250700,cjghecqudosrtjx,cjghecqudosrtjx
16,66950700,aaykqrxycrxuwjx,aaykqrxycrxuwjx
16,62413900,pqjnbkcpdmokalx,pqjnbkcpdmokalx
16,65916300,pemvbqlzsvxzkut,pemvbqlzsvxzkut
16,61670500,ppwgzpdpyzkzcvb,ppwgzpdpyzkzcvb
16,63005000,tcvfxsxpjaoxtfh,tcvfxsxpjaoxtfh
16,68697300,xxytgokrcxaetau,xxytgokrcxaetau
1,65081700,,
1,66815200,,
1,65491400,,
1,67297100,,
1,66869700,,
1,68637700,,
1,93362100,,
1,62397600,,
1,69144500,,
1,64916900,,
1,65776500,,
1,65071700,,
1,63781900,,
1,66658200,,
1,62981400,,
1,63328500,,
1,67938800,,
1,63953100,,
1,66748900,,
1,65013300,,
1,62134700,,
1,65172000,,
1,63155500,,
1,64221600,,
1,65527300,,
1,66337100,,
1,64275900,,
1,65273200,,
1,66523700,,
1,64058300,,
1,66489900,,
1,64088500,,
1,63452800,,
1,60950400,,
1,70463600,,
1,63818000,,
1,71859700,,
1,64212200,,
1,67292200,,
1,62057400,,
1,63830300,,
1,67554100,,
1,62595600,,
1,63305700,,
1,62853900,,
1,61778500,,
1,62406600,,
1,62418800,,
1,65678400,,
1,62192800,,
1,62825000,,
1,65844700,,
1,61777600,,
1,63618900,,
1,65715400,,
1,70348500,,
1,67553600,,
1,68194600,,
1,64248600,,
1,62208200,,
1,61615900,,
1,64575000,,
1,64571100,,
1,63124000,,
1,63446500,,
1,63948000,,
1,67759800,,
1,63430800,,
1,63833500,,
1,70335900,,
1,63917300,,
1,61539300,,
1,60998400,,
1,65257100,,
1,67713300,,
1,63882700,,
1,64087400,,
1,62062400,,
1,66204500,,
1,64084200,,
1,63033400,,
1,67278500,,
1,61160300,,
1,62467500,,
1,65290600,,
1,63271400,,
1,62781700,,
1,62351200,,
1,64113400,,
1,74761300,,
1,65627900,,
1,67532500,,
1,63328300,,
1,67295600,,
1,64631000,,
1,64148400,,
1,61952000,,
1,64849800,,
1,69552800,,
1,66440800,,
2,67050200,x,x
2,64694400,l,l
2,63218400,g,g
2,65612500,p,p
2,75002300,f,f
2,62819600,d,d
2,62712300,o,o
2,64487100,e,e
2,64107100,x,x
2,66734700,b,b
2,62954700,o,o
2,64248400,j,j
2,63700400,v,v
2,64715900,v,v
2,63536600,b,b
2,66874400,y,y
2,63027500,p,p
2,63572900,e,e
2,62322400,l,l
2,67422400,p,p
2,63037900,n,n
2,62402800,l,l
2,68507300,v,v
2,63997500,v,v
2,63750100,p,p
2,67588500,a,a
2,63491600,y,y
2,61927900,h,h
2,66765200,q,q
2,65907700,q,q
2,63868500,q,q
2,65656800,m,m
2,66399400,u,u
2,63649400,j,j
2,64416500,o,o
2,66109800,v,v
2,66244900,o,o
2,69013000,u,u
2,61421100,w,w
2,62456400,m,m
2,66763800,n,n
2,62404100,b,b
2,61226300,c,c
2,63666100,k,k
2,63979100,f,f
2,64485300,k,k
2,65979600,a,a
2,65461500,x,x
2,64372300,k,k
2,71776900,l,l
2,64503200,j,j
2,67080800,h,h
2,68202100,i,i
2,63396700,j,j
2,62685000,w,w
2,63544500,k,k
2,84470400,u,u
2,66105300,n,n
2,62858100,x,x
2,63962700,z,z
2,64287500,z,z
2,62554300,m,m
2,63726900,m,m
2,62772000,q,q
2,64677100,o,o
2,64342900,e,e
2,62268800,l,l
2,62458300,h,h
2,66438000,k,k
2,67855900,a,a
2,63695800,g,g
2,61644300,q,q
2,64141000,c,c
2,61909900,d,d
2,62898500,u,u
2,61745100,e,e
2,63212200,o,o
2,61716000,w,w
2,73985500,y,y
2,66104000,z,z
2,61511300,v,v
2,67779000,c,c
2,63461800,p,p
2,64419800,a,a
2,65645000,l,l
2,64243100,v,v
2,64615400,u,u
2,65042700,f,f
2,64590000,a,a
2,65452500,v,v
2,80002700,z,z
2,62316600,l,l
2,63609900,t,t
2,62856400,k,k
2,66600200,c,c
2,65019300,w,w
2,63629700,r,r
2,66573800,e,e
2,62006000,j,j
2,62546500,h,h
4,60895500,izc,izc
4,64455700,bzc,bzc
4,62894000,fwl,fwl
4,63219900,ijt,ijt
4,63542600,dwv,dwv
4,62914400,hrc,hrc
4,67860900,ldv,ldv
4,76138000,ylw,ylw
4,63961000,bus,bus
4,66057500,mbo,mbo
4,63321500,xtl,xtl
4,65080100,csm,csm
4,63606400,xoh,xoh
4,66377400,mgn,mgn
4,63813700,euf,euf
4,66742800,xot,xot
4,63085800,gbg,gbg
4,67555700,pey,pey
4,62856700,nfe,nfe
4,80637400,cuk,cuk
4,61748800,pzs,pzs
4,63187300,klj,klj
4,62922500,ggg,ggg
4,62054200,kjd,kjd
4,62365600,zje,zje
4,65767600,pev,pev
4,69951400,gxi,gxi
4,75533200,pjs,pjs
4,65875200,dzj,dzj
4,67153100,zuj,zuj
4,69663700,lch,lch
4,62484900,bfq,bfq
4,62858000,kim,kim
4,66621000,zob,zob
4,61924800,wyb,wyb
4,64139800,duu,duu
4,62361100,fsk,fsk
4,62587700,rsr,rsr
4,64584600,ekm,ekm
4,65709000,dcy,dcy
4,66359100,jee,jee
4,68127500,hms,hms
4,81511700,qco,qco
4,65215900,iji,iji
4,62934300,fio,fio
4,68911100,eed,eed
4,62334400,psz,psz
4,63499900,nav,nav
4,69222700,mmt,mmt
4,63532600,tbd,tbd
4,69599900,qso,qso
4,63753900,muv,muv
4,66867800,ppp,ppp
4,66393500,uac,uac
4,66068900,azu,azu
4,65824900,mhe,mhe
4,62154800,thl,thl
4,65825400,grp,grp
4,63501500,nkd,nkd
4,62938200,bpp,bpp
4,66582000,eqt,eqt
4,62942800,jop,jop
4,87301900,rmo,rmo
4,63101700,zdq,zdq
4,65480000,oxy,oxy
4,64776200,jbb,jbb
4,62178400,awd,awd
4,62327100,dcp,dcp
4,63797500,jbx,jbx
4,66399900,hoo,hoo
4,64990500,pkw,pkw
4,62690000,yuh,yuh
4,64687100,qzh,qzh
4,67533500,bnf,bnf
4,63652500,vqn,vqn
4,71898800,qlr,qlr
4,63035400,jpx,jpx
4,64546100,ogv,ogv
4,63296400,iex,iex
4,64047300,zuz,zuz
4,62123100,srk,srk
4,66814400,usv,usv
4,65990400,jbr,jbr
4,64650400,mwz,mwz
4,62265300,owk,owk
4,64166800,ile,ile
4,61968100,raa,raa
4,67883300,dig,dig
4,62043000,npu,npu
4,66882100,hgx,hgx
4,66984100,qnj,qnj
4,63349400,jmw,jmw
4,62115200,xxm,xxm
4,62287800,snh,snh
4,62034300,lqq,lqq
4,63796500,zud,zud
4,68033200,tfz,tfz
4,67000100,tcj,tcj
4,63885000,nzx,nzx
4,63258500,gls,gls
8,63195600,smzcnoc,smzcnoc
8,69224700,vfajfrm,vfajfrm
8,67189800,othowkb,othowkb
8,64044800,zwucwlj,zwucwlj
8,63248100,rimpmyh,rimpmyh
8,63150200,hzriwkb,hzriwkb
8,66891100,rxbgfcb,rxbgfcb
8,67493000,eyhjugi,eyhjugi
8,64876800,wtbvtre,wtbvtre
8,63869500,bbcpxif,bbcpxif
8,63997600,xvfbcgk,xvfbcgk
8,62222800,fqckcot,fqckcot
8,63556300,gkubmjr,gkubmjr
8,64326400,bsztssh,bsztssh
8,61527700,roefwsj,roefwsj
8,63752000,xjhguzy,xjhguzy
8,63043900,pzwweiq,pzwweiq
8,60961400,rpixiqf,rpixiqf
8,63489300,duuveoo,duuveoo
8,63337300,qcudhne,qcudhne
8,63753000,njhaimu,njhaimu
8,68380600,zfskuid,zfskuid
8,67561900,buriswt,buriswt
8,68434800,recuyka,recuyka
8,67047400,fcvkdze,fcvkdze
8,63407400,toiduku,toiduku
8,64136400,jzefczz,jzefczz
8,62801400,bfkqdpq,bfkqdpq
8,63870600,ikfobuc,ikfobuc
8,65782500,hthxdjg,hthxdjg
8,72169800,jelrlpa,jelrlpa
8,71392300,amceros,amceros
8,92260100,itdptpc,itdptpc
8,94629700,lifkelj,lifkelj
8,95281100,tihrcqa,tihrcqa
8,62015500,bnefxnx,bnefxnx
8,63927600,gzedyyh,gzedyyh
8,62285900,gycdrud,gycdrud
8,64291500,phmecko,phmecko
8,62353000,rwospof,rwospof
8,67732200,hfozqvl,hfozqvl
8,64287100,fxwwkmf,fxwwkmf
8,64316600,dyygmdc,dyygmdc
8,64646800,szsgovs,szsgovs
8,64421300,dkjghcw,dkjghcw
8,66831000,bmxrmhu,bmxrmhu
8,62190800,fyqgajq,fyqgajq
8,63174900,cklznay,cklznay
8,66125700,qkqoyzw,qkqoyzw
8,63193700,yubzazc,yubzazc
8,62634700,khktkyd,khktkyd
8,61461500,ivcuypu,ivcuypu
8,62118400,fmbisge,fmbisge
8,62546800,yrgzvxd,yrgzvxd
8,61167500,poamvaf,poamvaf
8,67394300,rarxsvk,rarxsvk
8,64266800,tqdiher,tqdiher
8,67692500,igbhzjz,igbhzjz
8,64314000,jxmmysp,jxmmysp
8,61413900,araewke,araewke
8,62817700,jccvhhr,jccvhhr
8,61916300,vbjtsqd,vbjtsqd
8,66522300,ootgpkn,ootgpkn
8,64320100,pfycgfi,pfycgfi
8,69782400,owqrwww,owqrwww
8,67856900,zsqmeto,zsqmeto
8,64825300,epspxnv,epspxnv
8,67442700,iupalyy,iupalyy
8,68825100,mkmnuvk,mkmnuvk
8,63969800,hsecdwr,hsecdwr
8,62716300,cgfmzkg,cgfmzkg
8,62812300,pdfodkj,pdfodkj
8,62421000,jqwiqpu,jqwiqpu
8,67983200,qhimvfv,qhimvfv
8,69101800,zwyvijg,zwyvijg
8,66852200,ullkjdu,ullkjdu
8,62086200,sjafbtl,sjafbtl
8,62628100,mfqrmyj,mfqrmyj
8,64582800,jnhhssq,jnhhssq
8,64964700,tydteam,tydteam
8,66242700,cjbprht,cjbprht
8,62854800,egyiwxg,egyiwxg
8,61435400,jwlgrsm,jwlgrsm
8,66866300,aearwtv,aearwtv
8,69046900,sjbaoio,sjbaoio
8,63174500,lwhypnv,lwhypnv
8,72466900,uihoswk,uihoswk
8,63817700,fygtydh,fygtydh
8,65404700,cwyhsge,cwyhsge
8,63639400,zmtgonz,zmtgonz
8,64409700,tjhgauh,tjhgauh
8,67218100,ihreqgj,ihreqgj
8,63341500,wkjsmtp,wkjsmtp
8,70742200,haefqza,haefqza
8,62718700,uldrchj,uldrchj
8,63716400,cdyrfvv,cdyrfvv
8,65746100,ivuyeeg,ivuyeeg
8,63752000,ivdrcyg,ivdrcyg
8,68310900,rqdreda,rqdreda
8,61132200,ubnfgup,ubnfgup
16,62322500,oqylobcwqxkzmau,oqylobcwqxkzmau
16,64271100,jgmhcmhgdnmphnq,jgmhcmhgdnmphnq
16,63403800,amhurktrffaclvg,amhurktrffaclvg
16,63564600,zkkldacllteojom,zkkldacllteojom
16,62334600,nxrqyjzginrnnzw,nxrqyjzginrnnzw
16,65315300,cxxaedrwudxzrfu,cxxaedrwudxzrfu
16,66039000,ewjtboxvynfhkst,ewjtboxvynfhkst
16,63168000,enaumnddxfdmvzc,enaumnddxfdmvzc
16,63428900,utdcckxaaydzsxt,utdcckxaaydzsxt
16,61492100,obbgqngvvpjgojo,obbgqngvvpjgojo
16,66307800,lmkxgbfcpypckqc,lmkxgbfcpypckqc
16,65732600,bddzwrxbzmqrlxv,bddzwrxbzmqrlxv
16,62120600,btwhxginfgfrccl,btwhxginfgfrccl
16,62143200,znmjugwwbsqfcih,znmjugwwbsqfcih
16,71596300,bsjollmsqsghmcp,bsjollmsqsghmcp
16,64446300,elsotflbgsfnpcu,elsotflbgsfnpcu
16,60859100,srupchynvzhcpqu,srupchynvzhcpqu
16,62419000,riwniqxdfjpwpxf,riwniqxdfjpwpxf
16,65894100,lkpnpeelfjmtkuq,lkpnpeelfjmtkuq
16,64230800,zomwnlmbupmktlp,zomwnlmbupmktlp
16,62867100,ndmpdsydsgvfpen,ndmpdsydsgvfpen
16,63727700,mwborifsuqhcesk,mwborifsuqhcesk
16,71737300,khssmvnonwafxwh,khssmvnonwafxwh
16,65257500,bibabvqopqfoviu,bibabvqopqfoviu
16,67578700,sqfqwehtxdzujtl,sqfqwehtxdzujtl
16,64326000,txmrjxxwtlggkyt,txmrjxxwtlggkyt
16,63548700,iolydnilqadojsk,iolydnilqadojsk
16,65368300,vfxahhjmbocljar,vfxahhjmbocljar
16,63145000,ntdwcldvdxropby,ntdwcldvdxropby
16,65520700,zwyyojuothwmlvr,zwyyojuothwmlvr
16,63932900,lfzdzdbtubxuoff,lfzdzdbtubxuoff
16,77944800,ncrswsaznmoijoi,ncrswsaznmoijoi
16,67055100,vgobqpnckwvnhke,vgobqpnckwvnhke
16,68590600,mtdhvygkjisuxha,mtdhvygkjisuxha
16,62509200,muudqbhmknhfxax,muudqbhmknhfxax
16,84601200,xkjlzzqtsjfaeed,xkjlzzqtsjfaeed
16,115709800,uujkolxjoqkdvfe,uujkolxjoqkdvfe
16,68576700,vlhvhrwtfdukxff,vlhvhrwtfdukxff
16,68291200,psswyxlijjhevry,psswyxlijjhevry
16,68120200,ozbafpfmowgrgon,ozbafpfmowgrgon
16,66515900,atdqlahyggyljdd,atdqlahyggyljdd
16,70134000,hmltedzlodsrkeu,hmltedzlodsrkeu
16,62903900,gtnkntarjkpxino,gtnkntarjkpxino
16,66279300,gzdthunwooxvjjm,gzdthunwooxvjjm
16,61168200,svknhkwjopmmleb,svknhkwjopmmleb
16,63711000,sucvzqlyqnwcmbv,sucvzqlyqnwcmbv
16,63924900,hrmlowpjbwyvwtg,hrmlowpjbwyvwtg
16,63287300,oqnmicxapzarknn,oqnmicxapzarknn
16,65265800,tuufarzrosdqwsm,tuufarzrosdqwsm
16,61520000,cjghecqudosrtjx,cjghecqudosrtjx
16,96146200,aaykqrxycrxuwjx,aaykqrxycrxuwjx
16,66297800,pqjnbkcpdmokalx,pqjnbkcpdmokalx
16,63145200,pemvbqlzsvxzkut,pemvbqlzsvxzkut
16,64617000,ppwgzpdpyzkzcvb,ppwgzpdpyzkzcvb
16,62757500,tcvfxsxpjaoxtfh,tcvfxsxpjaoxtfh
16,62227800,xxytgokrcxaetau,xxytgokrcxaetau
16,65144700,gndmphwzyiayabj,gndmphwzyiayabj
16,73252400,qgeppxyjsttyzuv,qgeppxyjsttyzuv
16,69067600,dvybsuxkbmfzvrt,dvybsuxkbmfzvrt
16,63185400,ovidznpghozvafm,ovidznpghozvafm
16,62164100,nsnqivmvubcwtfs,nsnqivmvubcwtfs
16,62562300,qtmknepbhowejaz,qtmknepbhowejaz
16,63353300,kwcmmtpixxxlzqy,kwcmmtpixxxlzqy
16,62698700,xtwwtaidyaxyqle,xtwwtaidyaxyqle
16,62507000,rxibexxyfvsddyg,rxibexxyfvsddyg
16,62466700,hcuyyfwpjsfybgl,hcuyyfwpjsfybgl
16,61464600,zmbintattnhodto,zmbintattnhodto
16,63346200,pyzwotkgnguphpk,pyzwotkgnguphpk
16,62882800,eatowzabsdnvqhk,eatowzabsdnvqhk
16,65644700,cmofisfrfqgvpmv,cmofisfrfqgvpmv
16,68852800,rpjfzslzmpjjneh,rpjfzslzmpjjneh
16,68628300,ykxjzubuacclfkc,ykxjzubuacclfkc
16,62054600,zobghtuoxrajvpr,zobghtuoxrajvpr
16,64383500,cwgxxpswcgmmved,cwgxxpswcgmmved
16,63713200,wdmfnqwcuqdscil,wdmfnqwcuqdscil
16,63342500,qecihluilgmfcsw,qecihluilgmfcsw
16,62091100,wkkxlcbhqkvcswj,wkkxlcbhqkvcswj
16,65259800,bkrjlpgfgratzbs,bkrjlpgfgratzbs
16,61952800,uvzifnhyxwjsjav,uvzifnhyxwjsjav
16,63660400,auxpannamxjdvzu,auxpannamxjdvzu
16,69905000,naczyhepwzolhus,naczyhepwzolhus
16,62568700,rkvwpnvgzmiizwu,rkvwpnvgzmiizwu
16,63906400,wdfzlktbqdxgyyi,wdfzlktbqdxgyyi
16,63448700,dsjvezkmesbjlky,dsjvezkmesbjlky
16,65553500,rtahnexhuqmjicb,rtahnexhuqmjicb
16,66446300,usqdklasolwjxpt,usqdklasolwjxpt
16,67544000,xeumzfwyucpabqs,xeumzfwyucpabqs
16,64601800,ffunqpkfnnbecbb,ffunqpkfnnbecbb
16,65966300,jpdyjlibitllplx,jpdyjlibitllplx
16,64043300,lrdkexdtquvptte,lrdkexdtquvptte
16,67335800,htlqlbbbvoqozky,htlqlbbbvoqozky
16,62834800,ayyrbaqmyjhzxnd,ayyrbaqmyjhzxnd
16,64276400,iyfsexwbioewqvq,iyfsexwbioewqvq
16,61166500,tcdlpqmvjifvgym,tcdlpqmvjifvgym
16,68171000,gotzjmnzqtmrpnd,gotzjmnzqtmrpnd
16,65187800,vnmthjitsspaqnj,vnmthjitsspaqnj
16,63144000,doyjwpyatmleyqs,doyjwpyatmleyqs
16,66130800,kpamsvbmvxrlliv,kpamsvbmvxrlliv
16,64915000,edkjigavyxjveqv,edkjigavyxjveqv
16,64980900,bacuigaipyhbbxi,bacuigaipyhbbxi
32,64242500,bzncwhrblirizxoqptqqweaafjeqioz,bzncwhrblirizxoqptqqweaafjeqioz
32,81835000,yfauuqmvhxkmnxmsyamptlzanotlslw,yfauuqmvhxkmnxmsyamptlzanotlslw
32,62015800,htfqjrrwbwhmqhzkhdkcrfvbeiyipvf,htfqjrrwbwhmqhzkhdkcrfvbeiyipvf
32,62859500,pzhyujabtqwwtbkdogkemhibyxrnxsx,pzhyujabtqwwtbkdogkemhibyxrnxsx
32,65373100,zletbqexkrqoiernaplqyjpqoubvjse,zletbqexkrqoiernaplqyjpqoubvjse
32,65676800,alwnksvloidzfpirwycztwzzvewxota,alwnksvloidzfpirwycztwzzvewxota
32,70012000,udkpedupkczlhwuskdnevdcplbklpjm,udkpedupkczlhwuskdnevdcplbklpjm
32,61459700,fdcyqtrcvvvtrffvpekkqmcupryjaut,fdcyqtrcvvvtrffvpekkqmcupryjaut
32,62245300,uvczvicthrxsxclprgdlwxfaigayrue,uvczvicthrxsxclprgdlwxfaigayrue
32,63642100,cufdiamhtkbxotdirxxgvzqmeyrovfi,cufdiamhtkbxotdirxxgvzqmeyrovfi
32,65741400,hqnivfjzauqfdftgmopsrgpugxtuhlc,hqnivfjzauqfdftgmopsrgpugxtuhlc
32,63499600,spihazrssfszwxbqmurwmxcdbhumrgj,spihazrssfszwxbqmurwmxcdbhumrgj
32,64618500,mvnkyrtnsjvwzxssqxnjomuyjnjuwrs,mvnkyrtnsjvwzxssqxnjomuyjnjuwrs
32,65227200,xwqyyxcszpoklwjdrltbsciedpiwlaq,xwqyyxcszpoklwjdrltbsciedpiwlaq
32,63183700,gesjsqhsjlrglmwanrxrfnwakztgjhx,gesjsqhsjlrglmwanrxrfnwakztgjhx
32,68057400,unfqjvxiohnjqrjshymdovwgefhjesv,unfqjvxiohnjqrjshymdovwgefhjesv
32,66853800,tiziojljdpmoxbyuyopqjkztvjgkwxk,tiziojljdpmoxbyuyopqjkztvjgkwxk
32,65054600,wpzhbjsuthsyoefjgwwyeozluhmgabb,wpzhbjsuthsyoefjgwwyeozluhmgabb
32,67908700,qrhcrtxmjvcaxxsufahyyayzkhuhjrj,qrhcrtxmjvcaxxsufahyyayzkhuhjrj
32,68628300,voqhtydwpbszxsbziyrvgqmlunwscpi,voqhtydwpbszxsbziyrvgqmlunwscpi
32,64000500,zfcbtseplkgwfkhrouoysrwmqojahyq,zfcbtseplkgwfkhrouoysrwmqojahyq
32,62520900,fevsdcomryhgdmlxukwyzcprskwgxul,fevsdcomryhgdmlxukwyzcprskwgxul
32,62009400,uckbsepjeiszsgcezwapqrvlwigrovj,uckbsepjeiszsgcezwapqrvlwigrovj
32,63033200,dzxxphqlsrzihmgzrioqrqetkzfbldj,dzxxphqlsrzihmgzrioqrqetkzfbldj
32,67285600,emsfzbhzfnwywmxxgdpylraxglmtbiy,emsfzbhzfnwywmxxgdpylraxglmtbiy
32,62390500,bhcwhlsyoyhgmgopprzaxqmomsyhgag,bhcwhlsyoyhgmgopprzaxqmomsyhgag
32,62895200,upjqbzxthtopotmitnqwtoetonxwzgh,upjqbzxthtopotmitnqwtoetonxwzgh
32,64632100,tifklgklrnuwkmsyqcpuivahqatmsck,tifklgklrnuwkmsyqcpuivahqatmsck
32,63589600,aalkicsnxucovtykrxawzadjxwxqmnd,aalkicsnxucovtykrxawzadjxwxqmnd
32,62736700,ldttxsknxteznjsqtfbccfqmwhbvssi,ldttxsknxteznjsqtfbccfqmwhbvssi
32,64806900,gvijsuxiicaahmkwywttjzppkwlbmja,gvijsuxiicaahmkwywttjzppkwlbmja
32,64969800,tputiebpbbmuegyrhlthxwgjprwvhsh,tputiebpbbmuegyrhlthxwgjprwvhsh
32,63455700,yavqyecztozoabnanhrrbddndodxeui,yavqyecztozoabnanhrrbddndodxeui
32,62807200,zioiuozxqtihwauroqrdqwcvlxzipod,zioiuozxqtihwauroqrdqwcvlxzipod
32,67737500,ispqnzomcwvaptgrgdfnyytkwwqqtmi,ispqnzomcwvaptgrgdfnyytkwwqqtmi
32,63980100,uyvgaihfshccxhuuyyhtgdglfciebdu,uyvgaihfshccxhuuyyhtgdglfciebdu
32,80325700,oeunfhdaxphbsywztpwjngjncpxrjvb,oeunfhdaxphbsywztpwjngjncpxrjvb
32,62662800,ccefkbemgsdymzmmkwdehfkruqbyvec,ccefkbemgsdymzmmkwdehfkruqbyvec
32,62008000,pesromdxllubryyeshqlzmrewqnkqit,pesromdxllubryyeshqlzmrewqnkqit
32,68028600,giigquskwtcznlterxbltzydyzvahnk,giigquskwtcznlterxbltzydyzvahnk
32,66731300,xjwzztdjpqsuowkvfccockvrjbfrjpc,xjwzztdjpqsuowkvfccockvrjbfrjpc
32,62472500,djdrwdnposrjgdrqrvqtvppazhltjqv,djdrwdnposrjgdrqrvqtvppazhltjqv
32,63848200,clpeztsjpynzfrotqpoxmwhhwewnvcb,clpeztsjpynzfrotqpoxmwhhwewnvcb
32,62615600,dkuzififrtwqqeojueqbnskwzeewzka,dkuzififrtwqqeojueqbnskwzeewzka
32,62318200,jursqgsczvhhujzumigofhwbkkfluwz,jursqgsczvhhujzumigofhwbkkfluwz
32,63966800,ctkagxksmfauwinsjlsojtrxhwmhlvb,ctkagxksmfauwinsjlsojtrxhwmhlvb
32,62912200,pecjeiwwstneuiqubpgugwgnmikdwic,pecjeiwwstneuiqubpgugwgnmikdwic
32,66999000,dilsnpdqsvmterdfblhwbafbgarcsfi,dilsnpdqsvmterdfblhwbafbgarcsfi
32,66314700,ylbiimofgxeirpbtywqzapkkcafcomv,ylbiimofgxeirpbtywqzapkkcafcomv
32,63323400,tmdhzxlefppyebeoeqznbhycwmfyaqq,tmdhzxlefppyebeoeqznbhycwmfyaqq
32,62166500,annyhqouizveavgzjwoblsgwnkvjlni,annyhqouizveavgzjwoblsgwnkvjlni
32,62235900,qcwvzxtcthynmuxqkwwmtfisgglgcox,qcwvzxtcthynmuxqkwwmtfisgglgcox
32,61753300,ipytdbamrykbokmwgsddpqkrzyjchzt,ipytdbamrykbokmwgsddpqkrzyjchzt
32,61495500,iepagwhroqkhwudbcihpqwaqzxugkva,iepagwhroqkhwudbcihpqwaqzxugkva
32,62491600,vlavkswfzsdbvqidhtbcdeytmpphkuh,vlavkswfzsdbvqidhtbcdeytmpphkuh
32,63379800,xorpufwhjrutksslhlrxlydxvkosagg,xorpufwhjrutksslhlrxlydxvkosagg
32,67470100,pbgzvbafazjohqsswtorckqaxsrehnr,pbgzvbafazjohqsswtorckqaxsrehnr
32,62706200,yjiwtmhglkozfkmmxtyvoxhfkxopvyb,yjiwtmhglkozfkmmxtyvoxhfkxopvyb
32,63412500,zoxhzubdntoamzottcjtuegmpqkcdbb,zoxhzubdntoamzottcjtuegmpqkcdbb
32,63246300,ckjqtebichznpprqiswbdhoyncsaetl,ckjqtebichznpprqiswbdhoyncsaetl
32,61874200,bfviocfwxwdrnlffbfhvyxzukjwocyh,bfviocfwxwdrnlffbfhvyxzukjwocyh
32,68821600,qjzdhtbrrrllktchfnctpirnawonydw,qjzdhtbrrrllktchfnctpirnawonydw
32,63669100,vuabuqcimcnlhqodemakmunmaxiomke,vuabuqcimcnlhqodemakmunmaxiomke
32,61469700,wcofqbkdmzoizgqipzayixrydwsovhz,wcofqbkdmzoizgqipzayixrydwsovhz
32,66069600,kgzskwptkqcexrnnxskywndqizlzkln,kgzskwptkqcexrnnxskywndqizlzkln
32,63750400,ssamqazhlndnviltkoiafmeicgguzxh,ssamqazhlndnviltkoiafmeicgguzxh
32,61055400,djzzheruswavnvslonoasrudrnldkld,djzzheruswavnvslonoasrudrnldkld
32,61369700,fztagienatjzwxclkkulncaqptoneql,fztagienatjzwxclkkulncaqptoneql
32,62902500,btoddbmivazxzmcojdhiswkaxiagtut,btoddbmivazxzmcojdhiswkaxiagtut
32,63447200,frsvpphuraaaixztwdyruumqadjepvv,frsvpphuraaaixztwdyruumqadjepvv
32,62368500,voidwmtpbnmquiopiwpuwczdapdzgha,voidwmtpbnmquiopiwpuwczdapdzgha
32,62093300,viyirojnolsowrmvvjiqswricmzsxav,viyirojnolsowrmvvjiqswricmzsxav
32,60696200,qamnfhwfgeohskkefutxxibhpulnlwx,qamnfhwfgeohskkefutxxibhpulnlwx
32,61317300,wwzdgdjgeqwapbhlpudoemnntpouahg,wwzdgdjgeqwapbhlpudoemnntpouahg
32,64855000,jhzjbeplttriabwucrjmbvbozvmxoba,jhzjbeplttriabwucrjmbvbozvmxoba
32,66369400,khqsqchlhtbofuikwafkcowuuntfhpk,khqsqchlhtbofuikwafkcowuuntfhpk
32,63430100,eyhokquwqvwtthhhugjzmfeuinipbnc,eyhokquwqvwtthhhugjzmfeuinipbnc
32,66068900,zockaadalljreqtkhudblprzlsrwxoc,zockaadalljreqtkhudblprzlsrwxoc
32,62807400,slutwqzsqtijvcwnpflrlukdiaohqjh,slutwqzsqtijvcwnpflrlukdiaohqjh
32,65746100,aglgriykldkdfrdrxjstcwrsxgywfnh,aglgriykldkdfrdrxjstcwrsxgywfnh
32,66046700,bkpmesupmtrvipfbktbwzfahoevnhxb,bkpmesupmtrvipfbktbwzfahoevnhxb
32,70890700,hhfobgywcvhktdoxqtekiwwurzblmld,hhfobgywcvhktdoxqtekiwwurzblmld
32,63368600,fibdvemunnlxubykvvrgktrerptisiz,fibdvemunnlxubykvvrgktrerptisiz
32,64308500,hrevnxquezxkugroohrhudidgvhtjhy,hrevnxquezxkugroohrhudidgvhtjhy
32,65083700,zkyhpfxwgprpseaccxkwvixvfhqfawk,zkyhpfxwgprpseaccxkwvixvfhqfawk
32,61477800,djpyeevdggatfiekixeyrfcpxscjkcf,djpyeevdggatfiekixeyrfcpxscjkcf
32,63998100,qmyhjmjtimdspizhwzizcyuceglmmbg,qmyhjmjtimdspizhwzizcyuceglmmbg
32,62765000,gfvtqvzqatxlgibyzzkiajxmbhmkqlw,gfvtqvzqatxlgibyzzkiajxmbhmkqlw
32,64024800,qnghlvlzgppxooeoqxppbpmblxnkeof,qnghlvlzgppxooeoqxppbpmblxnkeof
32,93646100,niumjcafcuyvdcueterqpjjwaknkxtl,niumjcafcuyvdcueterqpjjwaknkxtl
32,64577900,qfljnwkxgkfylnukbiysplkhjucfuwo,qfljnwkxgkfylnukbiysplkhjucfuwo
32,65716200,zvphjbjyovdlnbfrkvbemwytfjynqmg,zvphjbjyovdlnbfrkvbemwytfjynqmg
32,67905200,agbkwekkouxdcynkhtosfytlucentoi,agbkwekkouxdcynkhtosfytlucentoi
32,66953700,fuldvrxlonvkxzecxepkmzzgxluahmj,fuldvrxlonvkxzecxepkmzzgxluahmj
32,62173100,ecsldjesdcpjikvpaudvkxgllisaamb,ecsldjesdcpjikvpaudvkxgllisaamb
32,65046800,vjkdqrkdorjfnyghhhptzifawftzqge,vjkdqrkdorjfnyghhhptzifawftzqge
32,73339400,nhpqyictmoyfpcvkcaodakjacqauzyo,nhpqyictmoyfpcvkcaodakjacqauzyo
32,62903000,dzsfqhkplfbyzmnimdlxmjydaxyjnec,dzsfqhkplfbyzmnimdlxmjydaxyjnec
32,63271500,sjjbhiqnvocdenqmwilxxzoqfotpikp,sjjbhiqnvocdenqmwilxxzoqfotpikp
32,70098000,udmomikppzhdhfqsgbxiisyzwnhxyfv,udmomikppzhdhfqsgbxiisyzwnhxyfv
64,69231700,dfmpdwomciudcnyndgcnfjitppmymxiisnebpywsgqsxdjplwzfmjoopyyifvkm,dfmpdwomciudcnyndgcnfjitppmymxiisnebpywsgqsxdjplwzfmjoopyyifvkm
64,62067100,wpgpljeawpvapihoxuuffbrwhpevcoqrgrqwzhibnorkhzmlbzfhxunrklibvps,wpgpljeawpvapihoxuuffbrwhpevcoqrgrqwzhibnorkhzmlbzfhxunrklibvps
64,64976000,znopfgaxzgfltlsxbtumilocltgcozgtziufuzimxeekwnysbicrfxdiogcseoz,znopfgaxzgfltlsxbtumilocltgcozgtziufuzimxeekwnysbicrfxdiogcseoz
64,102321300,scrhjotyczcwmbaaolsvubpylonmwajgxzgyzaovenfvocikqjtxgvenksppwwp,scrhjotyczcwmbaaolsvubpylonmwajgxzgyzaovenfvocikqjtxgvenksppwwp
64,62373000,hxtgybvmajeyfaxegseijikcmduclaaioissisiyppnzdubptsaveszsippqmot,hxtgybvmajeyfaxegseijikcmduclaaioissisiyppnzdubptsaveszsippqmot
64,63669500,hkudnvqzbkatnefulgexktrmhddapswptfvovujiuwbmibructtmrvznjrchjwz,hkudnvqzbkatnefulgexktrmhddapswptfvovujiuwbmibructtmrvznjrchjwz
64,62807900,mozecrznjkfrvkrmrdwroaocqpktlmwxwtnuamqelrwbgbijilnhiiulltovbef,mozecrznjkfrvkrmrdwroaocqpktlmwxwtnuamqelrwbgbijilnhiiulltovbef
64,62161500,wlpbhyffhbavhfuahlindjdfpekxglixlaxxtolhglvwxkyvulcyjeflloqzhlt,wlpbhyffhbavhfuahlindjdfpekxglixlaxxtolhglvwxkyvulcyjeflloqzhlt
64,62879200,gtujdcuugnrotlotcpbnyfhejegcmfptqmveghmfbmvklsqfubvxctepvmljohz,gtujdcuugnrotlotcpbnyfhejegcmfptqmveghmfbmvklsqfubvxctepvmljohz
64,63499200,xoolnvlayguokqdauptyvjafzzkqtaxjlrbrukkkigjmxqrbazlpdevpezpbwsh,xoolnvlayguokqdauptyvjafzzkqtaxjlrbrukkkigjmxqrbazlpdevpezpbwsh
64,64395900,pckldqgivlqpirqvwqquyxpixqireuqamffsvvntguxesidrnwwtqkdozfpkduu,pckldqgivlqpirqvwqquyxpixqireuqamffsvvntguxesidrnwwtqkdozfpkduu
64,66161900,ifzdpohcgubkurehrqbbxajefbfhkzbpkapbszyspdaaoxraojotjufsturtjhu,ifzdpohcgubkurehrqbbxajefbfhkzbpkapbszyspdaaoxraojotjufsturtjhu
64,63192100,petsgrzuigusnwlyrvfnkkmsdbuhvhfqtdvtnlewfquuhtainkebbvzhtqbkdbm,petsgrzuigusnwlyrvfnkkmsdbuhvhfqtdvtnlewfquuhtainkebbvzhtqbkdbm
64,64810200,hbsnjbtvjtqnbchiwfuqlzsmxvfjtvquitivyhzpxcdjwikfatcanchxssjluhl,hbsnjbtvjtqnbchiwfuqlzsmxvfjtvquitivyhzpxcdjwikfatcanchxssjluhl
64,65898700,oebcgnsqfzxxwgliuejobcfpvnyrrpkegeqpvlhxeeocmerjmziudtsqqozvejn,oebcgnsqfzxxwgliuejobcfpvnyrrpkegeqpvlhxeeocmerjmziudtsqqozvejn
64,66661100,tibvnjepfqdsmvstmmwwwqknnrmqmjccpaowazfeurgpbfryedqjrltmymhysoi,tibvnjepfqdsmvstmmwwwqknnrmqmjccpaowazfeurgpbfryedqjrltmymhysoi
64,64461000,wuohferebeacazuvjoxyipmsgufjiwlcfywxteyyqdhxwjhiudghyxyoxbsceft,wuohferebeacazuvjoxyipmsgufjiwlcfywxteyyqdhxwjhiudghyxyoxbsceft
64,64245700,rqelxfvcfbbjjyfsvkvsapdshakgdvhcfmceztgjcmhxlhasqkauqlnfhggtagr,rqelxfvcfbbjjyfsvkvsapdshakgdvhcfmceztgjcmhxlhasqkauqlnfhggtagr
64,67429400,ffmnpinwlexrqxisbfnhjzqvoxkukylzcrupmibacpjzsnaclmnuqnbdifzlujq,ffmnpinwlexrqxisbfnhjzqvoxkukylzcrupmibacpjzsnaclmnuqnbdifzlujq
64,65446200,nfjxxvkczfkzzjqnaqpohygjsjtakzrsosyqhquhkjcjyugtedogfurkxiyqufo,nfjxxvkczfkzzjqnaqpohygjsjtakzrsosyqhquhkjcjyugtedogfurkxiyqufo
64,64722400,iajmwhyilthmoevlwlrxpwpzhsvbfzvtvhwycfznmaomafsyvyrqpizteuoxgth,iajmwhyilthmoevlwlrxpwpzhsvbfzvtvhwycfznmaomafsyvyrqpizteuoxgth
64,65493300,xsmxjrwpsursgwthhilgdhzfzaxadtklhyhqzfdimsrueecxkqkrudlmzgdtnhm,xsmxjrwpsursgwthhilgdhzfzaxadtklhyhqzfdimsrueecxkqkrudlmzgdtnhm
64,62687400,vnnkclgarygydqdhltrsthidzyqazfnovktqcotchcolineiytymrjscyoeivdy,vnnkclgarygydqdhltrsthidzyqazfnovktqcotchcolineiytymrjscyoeivdy
64,64638400,phljzhezohmiurcpblvwaajiqugtaoqmemjlhgoxprurtymkktdbnoxwttgeeqi,phljzhezohmiurcpblvwaajiqugtaoqmemjlhgoxprurtymkktdbnoxwttgeeqi
64,65577500,lhcztctyphmeqdsuyvkkjoplmzdcakpjvozimhxxqhduiqedlngwgoooupnedks,lhcztctyphmeqdsuyvkkjoplmzdcakpjvozimhxxqhduiqedlngwgoooupnedks
64,69587700,gpmhhdaqbsqrfpdrsykhbutsnuwjppgdeebjgsdyfoecqqnlemkimipecehlbtm,gpmhhdaqbsqrfpdrsykhbutsnuwjppgdeebjgsdyfoecqqnlemkimipecehlbtm
64,65438000,wnkdxymeclsshvkmywjxeshoihmlgvxiljvwllfpnjzywcpamevwtygfphifubt,wnkdxymeclsshvkmywjxeshoihmlgvxiljvwllfpnjzywcpamevwtygfphifubt
64,65301700,nwnphdbytwodclrjprseqwrdwsvyncgfrazzaodggxwwbtjqujrmcdpomjryled,nwnphdbytwodclrjprseqwrdwsvyncgfrazzaodggxwwbtjqujrmcdpomjryled
64,68860700,ufhwkhzktnkytgjpmmgvxjcnjgzuhwqqsldzcsfojswrqcnbqyxaagibpvtxdon,ufhwkhzktnkytgjpmmgvxjcnjgzuhwqqsldzcsfojswrqcnbqyxaagibpvtxdon
64,63719300,eashnrohuvogldxhsprngsoqdjfqtexyrwizzoeowaqezdlmwafcozvqciewgke,eashnrohuvogldxhsprngsoqdjfqtexyrwizzoeowaqezdlmwafcozvqciewgke
64,62617400,fgrcyvzsahpszobrixwxkpiclqljtkvnbimpdkyebcwlfkffrlzzmkvmhnlcivw,fgrcyvzsahpszobrixwxkpiclqljtkvnbimpdkyebcwlfkffrlzzmkvmhnlcivw
64,65390700,wztzrbxjcrtuvtxfkidxhoafyesyvizvozsqorqmqlesixrnerzoowrvwpmibhh,wztzrbxjcrtuvtxfkidxhoafyesyvizvozsqorqmqlesixrnerzoowrvwpmibhh
64,63106500,ffuvkoukdwjcvxqglschjagquehpnhkycpmjtgludhrbefjjfytkxlbnvmdwsyx,ffuvkoukdwjcvxqglschjagquehpnhkycpmjtgludhrbefjjfytkxlbnvmdwsyx
64,66640900,gsczhyjgdfgnwfpdtlkhpekhjncylcqmssyghwdvaeqjkzmhiydlxdjohnscghb,gsczhyjgdfgnwfpdtlkhpekhjncylcqmssyghwdvaeqjkzmhiydlxdjohnscghb
64,67335200,uswzumsqoykiidfwfxyaaaymoivfhjlrwyaxawgeurbrnberazsxtkaquehjfce,uswzumsqoykiidfwfxyaaaymoivfhjlrwyaxawgeurbrnberazsxtkaquehjfce
64,162399700,ctbfjtpqdljhehjobmarguqwsokldzscsfacxfzxfjqoverscjzbkmzdndosiyh,ctbfjtpqdljhehjobmarguqwsokldzscsfacxfzxfjqoverscjzbkmzdndosiyh
64,83269600,yavoxhtapyektuatprwskxzcznfdiuehuwymtxdrnklsmduskvutkfiubzyblwm,yavoxhtapyektuatprwskxzcznfdiuehuwymtxdrnklsmduskvutkfiubzyblwm
